Substitution,Number_of_mutations
A[C>A]A,275
A[C>A]C,185
A[C>A]G,88
A[C>A]T,398
C[C>A]A,279
C[C>A]C,45
C[C>A]G,140
C[C>A]T,335
G[C>A]A,107
G[C>A]C,40
G[C>A]G,46
G[C>A]T,120
T[C>A]A,257
T[C>A]C,67
T[C>A]G,70
T[C>A]T,198
A[C>G]A,34
A[C>G]C,14
A[C>G]G,6
A[C>G]T,53
C[C>G]A,33
C[C>G]C,9
C[C>G]G,1
C[C>G]T,22
G[C>G]A,8
G[C>G]C,5
G[C>G]G,1
G[C>G]T,24
T[C>G]A,44
T[C>G]C,13
T[C>G]G,8
T[C>G]T,80
A[C>T]A,5578
A[C>T]C,2068
A[C>T]G,1514
A[C>T]T,4112
C[C>T]A,1752
C[C>T]C,649
C[C>T]G,624
C[C>T]T,1669
G[C>T]A,1510
G[C>T]C,739
G[C>T]G,588
G[C>T]T,2395
T[C>T]A,3285
T[C>T]C,1367
T[C>T]G,1197
T[C>T]T,3628
A[T>A]A,27
A[T>A]C,18
A[T>A]G,113
A[T>A]T,35
C[T>A]A,78
C[T>A]C,67
C[T>A]G,239
C[T>A]T,63
G[T>A]A,16
G[T>A]C,5
G[T>A]G,28
G[T>A]T,20
T[T>A]A,166
T[T>A]C,52
T[T>A]G,239
T[T>A]T,53
A[T>C]A,1547
A[T>C]C,914
A[T>C]G,1236
A[T>C]T,978
C[T>C]A,698
C[T>C]C,401
C[T>C]G,600
C[T>C]T,492
G[T>C]A,324
G[T>C]C,166
G[T>C]G,453
G[T>C]T,454
T[T>C]A,685
T[T>C]C,363
T[T>C]G,604
T[T>C]T,734
A[T>G]A,22
A[T>G]C,75
A[T>G]G,114
A[T>G]T,106
C[T>G]A,20
C[T>G]C,87
C[T>G]G,84
C[T>G]T,124
G[T>G]A,12
G[T>G]C,23
G[T>G]G,93
G[T>G]T,56
T[T>G]A,50
T[T>G]C,123
T[T>G]G,37
T[T>G]T,145
A[G>T]A,594
A[G>T]C,381
A[G>T]G,584
A[G>T]T,910
C[G>T]A,118
C[G>T]C,205
C[G>T]G,147
C[G>T]T,337
G[G>T]A,182
G[G>T]C,290
G[G>T]G,107
G[G>T]T,460
T[G>T]A,493
T[G>T]C,691
T[G>T]G,608
T[G>T]T,1009
A[G>C]A,289
A[G>C]C,17
A[G>C]G,41
A[G>C]T,108
C[G>C]A,37
C[G>C]C,22
C[G>C]G,12
C[G>C]T,94
G[G>C]A,54
G[G>C]C,10
G[G>C]G,8
G[G>C]T,28
T[G>C]A,244
T[G>C]C,27
T[G>C]G,70
T[G>C]T,160
A[G>A]A,649
A[G>A]C,449
A[G>A]G,777
A[G>A]T,594
C[G>A]A,208
C[G>A]C,405
C[G>A]G,276
C[G>A]T,676
G[G>A]A,301
G[G>A]C,323
G[G>A]G,254
G[G>A]T,349
T[G>A]A,466
T[G>A]C,495
T[G>A]G,680
T[G>A]T,1202
A[A>T]A,97
A[A>T]C,18
A[A>T]G,73
A[A>T]T,95
C[A>T]A,310
C[A>T]C,61
C[A>T]G,235
C[A>T]T,143
G[A>T]A,112
G[A>T]C,19
G[A>T]G,79
G[A>T]T,41
T[A>T]A,104
T[A>T]C,41
T[A>T]G,56
T[A>T]T,82
A[A>G]A,609
A[A>G]C,444
A[A>G]G,916
A[A>G]T,760
C[A>G]A,443
C[A>G]C,328
C[A>G]G,528
C[A>G]T,711
G[A>G]A,261
G[A>G]C,198
G[A>G]G,299
G[A>G]T,651
T[A>G]A,331
T[A>G]C,404
T[A>G]G,684
T[A>G]T,1002
A[A>C]A,127
A[A>C]C,89
A[A>C]G,197
A[A>C]T,159
C[A>C]A,57
C[A>C]C,42
C[A>C]G,61
C[A>C]T,198
G[A>C]A,148
G[A>C]C,43
G[A>C]G,98
G[A>C]T,98
T[A>C]A,12
T[A>C]C,13
T[A>C]G,27
T[A>C]T,46
